Identifier,Sequence,Auth Asym ID,Entry ID (Polymer Entity Identifiers)
1AAP_1,VREVCSEQAETGPCRAMISRWYFDVTEGKCAPFFYGGCGGNRNNFDTEEYCMAVCGSA,A,1AAP
1BUN_2,RKRHPDCDKPPDTKICQTVVRAFYYKPSAKRCVQFRYGGCNGNGNHFKSDHLCRCECLEYR,B,1BUN
1DTX_1,(PCA)PRRKLCILHRNPGRCYDKIPAFYYNQKKKQCERFDWSGCGGNSNRFKTIEECRRTCIG,A,1DTX
1FAK_4,APDFCLEPPYDGPCRALHLRYFYNAKAGLCQTFYYGGCLAKRNNFESAEDCMRTC,I,1FAK
1KTH_1,ETDICKLPKDEGTCRDFILKWYYDPNTKSCARFWYGGCGGNENKFGSQKECEKVCAPV,A,1KTH
1YC0_2,MKHQHQHQHQHQHQMHQTEDYCLASNKVGRCRGSFPRWYYDPTEQICKSFVYGGCLGNKNNYLREEECILACRGV,I,1YC0
1ZR0_2,PTGNNAEICLLPLDYGPCRALLLRYYYDRYTQSCRQFLYGGCEGNANNFYTWEACDDACWRIE,B,1ZR0
3BYB_1,KDRPDFCELPADTGPCRVRFPSFYYNPDEKKCLEFIYGGCEGNANNFITKEECESTCAA,A,3BYB
3M7Q_2,EAEASICSEPKKVGRCKGYFPRFYFDSETGKCTPFIYGGCGGNGNNFETLHQCRAICRALG,B,3M7Q
4BQD_1,DSEEDEEHTIITDTELPPLKLMHSFCAFKADDGPCKAIMKRFFFNIFTRQCEEFIYGGCEGNQNRFESLEECKKMCTRD,A,4BQD
4DTG_3,QEKPDFCFLEEDPGICRGYITRYFYNNQTKQCERFKYGGCLGNMNNFETLEECKNICEDGHHHHHH,K,4DTG
4ISO_2,QTEDYCLASNKVGRCRGSFPRWYYDPTEQICKSFVYGGCLGNKNNYLREEECILACRGVQ,B,4ISO
4NTW_2,(PCA)IRPAFCYEDPPFFQKCGAFVDSYYFNRSRITCVHFFYGQCDVNQNHFTTMSECNRVCHG,B,4NTW
4U30_2,TVAACANLPIVRGPCRAFIQLWAFDAVKGKCVLFPYGGCQGNGNKFYSEKECREYCGVP,W,4U30
4U32_1,IHDFCLVSKVVGRCRASMPRWWYNVTDGSCQLFVYGGCDGNSNNYLTKEECLKKC,X,4U32
5M4V_1,RPSFCNLPVKPGPCKAFFSAFYYSQKTNKCHSFTYGGCKGNANRFSTLEKCRRTCVG,A,5M4V
5NX1_3,AMISRWYFDVTEGKCAPFFYGGCGGNRNNFDTEEYCMAVCGSAIPRHHHHHHAAAN,D,5NX1
5PTI_1,RPDFCLEPPYTGPCKARIIRYFYNAKAGLCQTFVYGGCRAKRNNFKSAEDCMRTCGGA,A,5PTI
5YV7_1,WQPPWYCKEPVRIGSCKKQFSSFYFKWTAKKCLPFLFSGCGGNANRFQTIGECRKKCLGK,A,5YV7
6Q61_1,KDRPSLCDLPADSGSGTKAEKRIYYNSARKQCLRFDYTGQGGNENNFRRTYDCARTCLYTA,A,6Q61
6YHY_1,DRPSYCNLPADSGSGTKSEQRIYYNSARKQCLTFTYNGQGGNENNFRRTYDCRRTCQYP,A,6YHY
